method,horizon,split,calendar,n_periods,mean_period_return,std_period_return,win_rate,total_return
equal_weight,1h,train,month,46,0.004766696732531509,0.07669706207850159,0.5434782608695652,0.09523469092357861
equal_weight,1h,train,quarter,16,0.019911919476073417,0.17904122244562554,0.4375,0.09523469092357173
equal_weight,1h,train,year,4,0.07760688253566642,0.40993574337359756,0.5,0.09523469092358372
equal_weight,1h,valid,month,16,-0.0012601762369666147,0.04220313006433858,0.5,-0.03280799979549076
equal_weight,1h,valid,quarter,6,-0.005075958076537286,0.033298431647419725,0.5,-0.03280799979548632
equal_weight,1h,valid,year,3,-0.010867896184960127,0.023635666757384773,0.3333333333333333,-0.03280799979548532
equal_weight,1h,test,month,16,0.020780275941795892,0.05810779746033393,0.4375,0.3575687122423479
equal_weight,1h,test,quarter,6,0.05670599962574504,0.11024116285536655,0.8333333333333334,0.35756871224234454
equal_weight,1h,test,year,2,0.17912666496866936,0.25601163957054046,0.5,0.35756871224233855
ic_weight,1h,train,month,46,0.027577597514864584,0.09335190443486512,0.6521739130434783,1.934557495904011
ic_weight,1h,train,quarter,16,0.08769841749259671,0.21396197466492073,0.625,1.9345574959040097
ic_weight,1h,train,year,4,0.33229437615938834,0.2965180451141857,1.0,1.9345574959040253
ic_weight,1h,valid,month,16,0.004255411743637999,0.04706103733315474,0.5625,0.0529841922415637
ic_weight,1h,valid,quarter,6,0.010142977122156912,0.06102222707839484,0.5,0.05298419224156348
ic_weight,1h,valid,year,3,0.019240978397097153,0.07684876244829987,0.3333333333333333,0.05298419224156459
ic_weight,1h,test,month,16,0.0020453668959060714,0.04593594508405443,0.25,0.017607818012675525
ic_weight,1h,test,quarter,6,0.005281500121632883,0.07577008243834332,0.3333333333333333,0.017607818012673082
ic_weight,1h,test,year,2,0.012872100939774866,0.12885709021607658,0.5,0.017607818012676413
linear,1h,train,month,46,0.02950406811015938,0.09528597741974609,0.5869565217391305,2.150487687983059
linear,1h,train,quarter,16,0.09707407301493981,0.238057669419338,0.5,2.1504876879830905
linear,1h,train,year,4,0.3847985708112973,0.4533822070583102,0.75,2.150487687983065
linear,1h,valid,month,16,-0.009610701948975786,0.04991764750884894,0.375,-0.15927069116224812
linear,1h,valid,quarter,6,-0.024908451044454678,0.0903307033192269,0.5,-0.15927069116224712
linear,1h,valid,year,3,-0.055047465094156256,0.05713391627612628,0.3333333333333333,-0.1592706911622469
linear,1h,test,month,16,-0.023494492623321005,0.05747144688851408,0.25,-0.33310848433374485
linear,1h,test,quarter,6,-0.06360498843761563,0.06034414065638085,0.0,-0.3331084843337465
linear,1h,test,year,2,-0.17648098819296548,0.15028005284389556,0.0,-0.3331084843337474
ridge,1h,train,month,46,0.029795665337859056,0.09467006759862735,0.5869565217391305,2.2006516959138103
ridge,1h,train,quarter,16,0.09761196809487954,0.23558850151417393,0.5,2.200651695913845
ridge,1h,train,year,4,0.38619729914421336,0.4357399840528144,0.75,2.2006516959138382
ridge,1h,valid,month,16,-0.01013018236239853,0.04985630937252785,0.375,-0.16627247771403353
ridge,1h,valid,quarter,6,-0.026275554805026358,0.09018684735930894,0.5,-0.1662724777140343
ridge,1h,valid,year,3,-0.05758167256454383,0.05936279392350985,0.3333333333333333,-0.16627247771403497
ridge,1h,test,month,16,-0.02377400734390217,0.057705571263283184,0.25,-0.33630385611944613
ridge,1h,test,quarter,6,-0.06426707124137881,0.0617621734730005,0.0,-0.33630385611944824
ridge,1h,test,year,2,-0.17819933085592476,0.1527101563426569,0.0,-0.3363038561194496
tree,1h,train,month,46,0.043914197518291974,0.20703207880037577,0.08695652173913043,3.0752044107150223
tree,1h,train,quarter,16,0.12348560163207599,0.3281690551025196,0.25,3.075204410715033
tree,1h,train,year,4,0.5133460810180499,0.6106417972028555,0.5,3.075204410715041
tree,1h,valid,month,16,-0.0033870851904096444,0.01354834076163858,0.0,-0.05419336304655431
tree,1h,valid,quarter,6,-0.009032227174425719,0.022124347818243285,0.0,-0.05419336304655431
tree,1h,valid,year,3,-0.018064454348851438,0.03128855274321925,0.0,-0.05419336304655431
tree,1h,test,month,16,-0.0025826423204247106,0.010330569281698843,0.0,-0.04132227712679537
tree,1h,test,quarter,6,-0.006887046187799228,0.016869748995088196,0.0,-0.04132227712679537
tree,1h,test,year,2,-0.020661138563397685,0.029219262370426772,0.0,-0.04132227712679537
equal_weight,1d,train,month,46,0.004860807539581629,0.07667038936074917,0.5434782608695652,0.10006683248776804
equal_weight,1d,train,quarter,16,0.020200170254645287,0.17909220302788245,0.4375,0.10006683248776249
equal_weight,1d,train,year,4,0.07909675097842675,0.4114832156914243,0.5,0.10006683248777182
equal_weight,1d,valid,month,16,-0.0014115909225115575,0.04217743893447331,0.5,-0.03513582049868924
equal_weight,1d,valid,quarter,6,-0.0054792461821908485,0.03316085162857095,0.5,-0.035135820498685466
equal_weight,1d,valid,year,3,-0.011674472396267252,0.022831627779822016,0.3333333333333333,-0.03513582049868447
equal_weight,1d,test,month,16,0.02148489025028258,0.05804954868534368,0.4375,0.3727198562827896
equal_weight,1d,test,quarter,6,0.05853449836183181,0.10886708169664298,0.8333333333333334,0.3727198562827867
equal_weight,1d,test,year,2,0.18469630688536653,0.24813497643438565,1.0,0.37271985628278004
ic_weight,1d,train,month,46,0.002634582841168192,0.05337222889569514,0.41304347826086957,0.0595796680373315
ic_weight,1d,train,quarter,16,0.010511555654750294,0.12089635880490901,0.625,0.059579668037336164
ic_weight,1d,train,year,4,0.02397270146705871,0.15580613887793698,0.75,0.0595796680373355
ic_weight,1d,valid,month,16,-0.0002245278741864684,0.03643726449280538,0.4375,-0.01363458668416806
ic_weight,1d,valid,quarter,6,-0.0017562232847573485,0.03552795544632292,0.5,-0.013634586684164507
ic_weight,1d,valid,year,3,-0.004257340620119732,0.03028101172806442,0.3333333333333333,-0.013634586684167171
ic_weight,1d,test,month,16,0.01863934645147746,0.05508036608723393,0.4375,0.3158529484338075
ic_weight,1d,test,quarter,6,0.04937038287973592,0.0824319207286855,0.6666666666666666,0.31585294843381084
ic_weight,1d,test,year,2,0.1573351174053078,0.21712496653195165,1.0,0.31585294843380707
linear,1d,train,month,46,-0.004409917356432058,0.07087130809967677,0.41304347826086957,-0.2715934786623093
linear,1d,train,quarter,16,-0.014432787889342658,0.10426199915079042,0.4375,-0.27159347866230477
linear,1d,train,year,4,-0.06503524900785135,0.16105874010244292,0.5,-0.27159347866230377
linear,1d,valid,month,16,-0.008224169980323694,0.04412444805779932,0.25,-0.13648123493127384
linear,1d,valid,quarter,6,-0.022218869156267234,0.06771592278820458,0.16666666666666666,-0.1364812349312745
linear,1d,valid,year,3,-0.046755527035933185,0.05255083524381762,0.0,-0.1364812349312743
linear,1d,test,month,16,0.011159661767158859,0.03492917960785985,0.4375,0.18407835255728666
linear,1d,test,quarter,6,0.029931598993643727,0.05943376280167097,0.6666666666666666,0.184078352557288
linear,1d,test,year,2,0.088599424775473,0.04405349167099125,1.0,0.18407835255728755
ridge,1d,train,month,46,-0.0044212578631535795,0.07090959698409273,0.41304347826086957,-0.2720824676476057
ridge,1d,train,quarter,16,-0.014468991635677504,0.10430753316254698,0.4375,-0.2720824676475996
ridge,1d,train,year,4,-0.06521397232566661,0.16086674808977078,0.5,-0.2720824676475986
ridge,1d,valid,month,16,-0.00772577674192329,0.044692182352445466,0.25,-0.12980208219127398
ridge,1d,valid,quarter,6,-0.02089783779359657,0.06893138711893255,0.16666666666666666,-0.1298020821912751
ridge,1d,valid,year,3,-0.04425893249040025,0.053788610400577495,0.0,-0.12980208219127454
ridge,1d,test,month,16,0.011617154797990421,0.03551649783596417,0.4375,0.19233203809006882
ridge,1d,test,quarter,6,0.0311712985886331,0.06045936028955284,0.6666666666666666,0.19233203809007104
ridge,1d,test,year,2,0.09232104744660052,0.04082236163600255,1.0,0.19233203809006816
tree,1d,train,month,46,0.02445465952472504,0.07106503271300338,0.4782608695652174,1.7511997324650674
tree,1d,train,quarter,16,0.07110423485924461,0.11910613719081371,0.75,1.7511997324650634
tree,1d,train,year,4,0.3007460418788079,0.20484904974953552,1.0,1.7511997324650639
tree,1d,valid,month,16,-0.003948884966456699,0.07040122709170739,0.25,-0.09351664285056449
tree,1d,valid,quarter,6,-0.015288293432009714,0.047351265317588515,0.3333333333333333,-0.09351664285056571
tree,1d,valid,year,3,-0.03184588799973057,0.03196029722714837,0.0,-0.09351664285056527
tree,1d,test,month,16,-0.013861456820586024,0.02500819694593677,0.0625,-0.20405499236232771
tree,1d,test,quarter,6,-0.03689095763118775,0.031869354595281826,0.16666666666666666,-0.20405499236232705
tree,1d,test,year,2,-0.1078017286167674,0.01206215748182378,0.0,-0.20405499236232982
equal_weight,1w,train,month,46,0.005274636607635243,0.07729518922900294,0.5434782608695652,0.11861862900104447
equal_weight,1w,train,quarter,16,0.02129963461700935,0.17903872700566192,0.4375,0.11861862900104048
equal_weight,1w,train,year,4,0.08278657579632506,0.40811919141723124,0.5,0.11861862900104425
equal_weight,1w,valid,month,16,-0.0009444258205991152,0.041491355560615666,0.5625,-0.027448096284347523
equal_weight,1w,valid,quarter,6,-0.004163726677891315,0.03315845322031086,0.6666666666666666,-0.027448096284340973
equal_weight,1w,valid,year,3,-0.009113778241348514,0.018866092419837506,0.6666666666666666,-0.027448096284343637
equal_weight,1w,test,month,16,0.023561589221700867,0.06197702562555403,0.4375,0.4137060924167799
equal_weight,1w,test,quarter,6,0.06365137352294542,0.10704876488263343,0.8333333333333334,0.41370609241677636
equal_weight,1w,test,year,2,0.20506125976584733,0.2773681574069852,1.0,0.4137060924167779
ic_weight,1w,train,month,46,0.007256218657435881,0.06399802885082678,0.43478260869565216,0.27475139668864945
ic_weight,1w,train,quarter,16,0.02124154086300932,0.11621119604212539,0.5625,0.274751396688659
ic_weight,1w,train,year,4,0.06954243098939153,0.13789608425182517,0.75,0.27475139668865634
ic_weight,1w,valid,month,16,-0.00752198047964716,0.03919727526298246,0.3125,-0.12406515430166154
ic_weight,1w,valid,quarter,6,-0.020160843446195047,0.06211232345847439,0.16666666666666666,-0.12406515430166065
ic_weight,1w,valid,year,3,-0.04139087783547483,0.0709375436508162,0.0,-0.12406515430166232
ic_weight,1w,test,month,16,0.012565872536786309,0.048493235740797086,0.3125,0.20088731956511996
ic_weight,1w,test,quarter,6,0.03477124056146871,0.0982488091674616,0.5,0.20088731956511885
ic_weight,1w,test,year,2,0.11355183893995441,0.2796797398505452,0.5,0.20088731956511996
linear,1w,train,month,46,0.00016926342632945162,0.07325730921582628,0.32608695652173914,-0.1047743668680694
linear,1w,train,quarter,16,0.0015134165443926526,0.1330207756807223,0.5,-0.10477436686806973
linear,1w,train,year,4,0.015895229680654266,0.3473402123024423,0.5,-0.10477436686806962
linear,1w,valid,month,16,-0.009026362340083652,0.054756388230209625,0.125,-0.15550903259036497
linear,1w,valid,quarter,6,-0.02291000418840718,0.10578185745104345,0.16666666666666666,-0.15550903259036464
linear,1w,valid,year,3,-0.05356810400771531,0.05842384674224487,0.0,-0.15550903259036308
linear,1w,test,month,16,-0.0022334317546469293,0.018482998378582884,0.125,-0.037596851617469285
linear,1w,test,quarter,6,-0.0057650226457123255,0.03807218484975084,0.16666666666666666,-0.03759685161746629
linear,1w,test,year,2,-0.018691639856382447,0.03355441268215998,0.5,-0.03759685161746651
ridge,1w,train,month,46,0.00040900967110381385,0.07333848226526618,0.32608695652173914,-0.09504071292094629
ridge,1w,train,quarter,16,0.002209389541501308,0.1331988764249564,0.5,-0.09504071292094851
ridge,1w,train,year,4,0.019929461229388185,0.3543021243539859,0.5,-0.09504071292094884
ridge,1w,valid,month,16,-0.009530287675320145,0.05355527891041472,0.125,-0.16161153473161094
ridge,1w,valid,quarter,6,-0.024279865967890762,0.10331504492362896,0.16666666666666666,-0.16161153473161105
ridge,1w,valid,year,3,-0.055697763009402435,0.061846326618164506,0.0,-0.16161153473161327
ridge,1w,test,month,16,-0.0022334317546469293,0.018482998378582884,0.125,-0.037596851617469285
ridge,1w,test,quarter,6,-0.0057650226457123255,0.03807218484975084,0.16666666666666666,-0.03759685161746629
ridge,1w,test,year,2,-0.018691639856382447,0.03355441268215998,0.5,-0.03759685161746651
tree,1w,train,month,46,0.03096828631464944,0.08526175077513368,0.391304347826087,2.5334907164798075
tree,1w,train,quarter,16,0.09101854735516501,0.15191015549101236,0.5,2.5334907164798044
tree,1w,train,year,4,0.5262217891526705,0.9150127280566815,1.0,2.5334907164798106
tree,1w,valid,month,16,-0.003925122256099575,0.04283379255937453,0.25,-0.07390559483464765
tree,1w,valid,quarter,6,-0.010255237590320302,0.07563980202744061,0.3333333333333333,-0.07390559483464876
tree,1w,valid,year,3,-0.022319368351459756,0.09188009790533785,0.3333333333333333,-0.07390559483464931
tree,1w,test,month,16,-0.004057790371759316,0.01863971251248977,0.0625,-0.06552290229485602
tree,1w,test,quarter,6,-0.011081523303912544,0.01871646176401529,0.0,-0.06552290229485758
tree,1w,test,year,2,-0.03276145114742879,0.04633168853571739,0.0,-0.06552290229485758
